spcode,rep,organ,biomass
AROL,45D-4,stem,0.004
AROL,30D-2,stem,0.006
AROL,45D-5,stem,0.035
AROL,45D-3,stem,0.005
AROL,30D-3,stem,0.007
AROL,30D-5,stem,0.001
AROL,30D-1,stem,0.003
AROL,45D-1,stem,0.025
AROL,30D-4,stem,0.01
AROL,45D-2,stem,0.021
AROL,45D-3,root,0.017
AROL,45D-5,root,0.081
AROL,45D-2,root,0.062
AROL,30D-2,root,0.012
AROL,45D-1,root,0.067
AROL,30D-1,root,0.022
AROL,45D-4,root,0.018
AROL,30D-3,root,0.011
AROL,30D-4,root,0.017
AROL,45D-4,leaf,0.007
AROL,30D-4,leaf,0.015
AROL,30D-3,leaf,0.015
AROL,45D-2,leaf,0.039
AROL,45D-1,leaf,0.04
AROL,45D-5,leaf,0.046
AROL,45D-3,leaf,0.014
AROL,30D-1,leaf,0.018
AROL,30D-2,leaf,0.018
AROL,30D-5,leaf,0.004
AROL,3M-1,leaf,0.161
AROL,5M-2,leaf,0.073
AROL,3M-3,leaf,0.094
AROL,4M-4,leaf,0.049
AROL,5M-5,leaf,0.076
AROL,5M-2,stem,0.086
AROL,3M-3,stem,0.172
AROL,5M-5,stem,0.108
AROL,4M-4,stem,0.083
AROL,3M-1,stem,0.199
AROL,4M-4,root,0.045
AROL,5M-2,root,0.064
AROL,3M-3,root,0.044
AROL,5M-5,root,0.036
AROL,3M-1,root,0.121
AROL,5M-1,root,0.424
AROL,3M-2,root,0.086
AROL,2M-5,root,0.325
AROL,4M-3,root,0.219
AROL,3M-4,root,0.18
AROL,4M-3,stem,0.719
AROL,3M-2,stem,0.209
AROL,2M-5,stem,0.484
AROL,3M-4,stem,0.76
AROL,5M-1,stem,0.901
AROL,2M-5,leaf,0.196
AROL,4M-3,leaf,0.287
AROL,5M-1,leaf,0.487
AROL,3M-4,leaf,0.242
AROL,3M-2,leaf,0.131
AROL,5M-1,repro,0.059
AROL,3M-2,repro,0.022
AROL,2M-5,repro,0.289
AROL,3M-4,repro,0.163
AROL,4M-3,repro,0.106
AROL,5M-3,leaf,1.036
AROL,2M-2,leaf,1.441
AROL,4M-5,leaf,1.738
AROL,5M-4,leaf,0.585
AROL,2M-1,leaf,0.657
AROL,2M-2,root,1.936
AROL,5M-3,root,0.758
AROL,2M-1,root,0.516
AROL,4M-5,root,1.239
AROL,5M-4,root,0.584
AROL,2M-2,stem,9.739
AROL,2M-1,stem,2.311
AROL,4M-5,stem,7.293
AROL,5M-4,stem,2.897
AROL,5M-3,stem,5.553
AROL,2M-1,repro,0.43
AROL,4M-5,repro,1.034
AROL,5M-3,repro,1.382
AROL,2M-2,repro,4.707
AROL,5M-4,repro,1.092
AROL,4M-1,root,2.635
AROL,4M-2,root,1.059
AROL,3M-5,root,1.504
AROL,2M-3,root,1.776
AROL,2M-4,root,1.37
AROL,3M-5,stem,10.227
AROL,2M-3,stem,12.01
AROL,4M-2,stem,4.13
AROL,4M-1,stem,9.255
AROL,2M-4,stem,5.265
AROL,2M-4,repro,1.04
AROL,3M-5,repro,5.564
AROL,4M-2,repro,1.372
AROL,2M-3,repro,5.371
AROL,4M-1,repro,2.774
AROL,2M-4,leaf,0.994
AROL,4M-2,leaf,0.906
AROL,4M-1,leaf,2.786
AROL,3M-5,leaf,1.743
AROL,2M-3,leaf,1.112
ARPU9,30D-1,stem,0.007
ARPU9,30D-3,stem,0.011
ARPU9,45D-1,stem,0.053
ARPU9,30D-4,stem,0.021
ARPU9,45D-2,stem,0.024
ARPU9,45D-3,stem,0.019
ARPU9,30D-2,stem,0.007
ARPU9,45D-4,stem,0.017
ARPU9,45D-5,stem,0.029
ARPU9,30D-5,stem,0.022
ARPU9,45D-4,root,0.047
ARPU9,30D-4,root,0.04
ARPU9,30D-2,root,0.024
ARPU9,30D-5,root,0.064
ARPU9,30D-3,root,0.041
ARPU9,45D-1,root,0.108
ARPU9,45D-3,root,0.073
ARPU9,45D-2,root,0.068
ARPU9,45D-5,root,0.148
ARPU9,30D-1,root,0.019
ARPU9,30D-5,leaf,0.049
ARPU9,45D-2,leaf,0.04
ARPU9,45D-4,leaf,0.038
ARPU9,30D-2,leaf,0.016
ARPU9,45D-5,leaf,0.08
ARPU9,45D-1,leaf,0.072
ARPU9,30D-3,leaf,0.028
ARPU9,30D-4,leaf,0.041
ARPU9,45D-3,leaf,0.033
ARPU9,30D-1,leaf,0.009
AVBA,30D-1,stem,0.041
AVBA,30D-5,stem,0.062
AVBA,30D-3,stem,0.026
AVBA,30D-4,stem,0.048
AVBA,30D-2,stem,0.041
AVBA,30D-3,root,0.189
AVBA,30D-5,root,0.495
AVBA,30D-2,root,0.412
AVBA,30D-1,root,0.416
AROL,30D-5,root,0.058
AVBA,30D-4,root,0.438
AVBA,30D-3,leaf,0.13
AVBA,30D-2,leaf,0.16
AVBA,30D-5,leaf,0.23
AVBA,30D-4,leaf,0.204
AVBA,30D-1,leaf,0.183
AVBA,2M-2,root,0.177
AVBA,2M-1,root,0.401
AVBA,4M-4,root,0.227
AVBA,2M-3,root,0.847
AVBA,3M-5,root,1.258
AVBA,2M-1,leaf,0.778
AVBA,4M-4,leaf,0.569
AVBA,2M-2,leaf,0.301
AVBA,2M-3,leaf,1.457
AVBA,3M-5,leaf,1.405
AVBA,3M-5,stem,0.412
AVBA,4M-4,stem,0.136
AVBA,2M-1,stem,0.168
AVBA,2M-3,stem,0.635
AVBA,2M-2,stem,0.08
AVBA,45D-3,leaf,0.619
AVBA,45D-4,leaf,0.469
AVBA,45D-1,leaf,0.559
AVBA,45D-2,leaf,0.571
AVBA,45D-5,leaf,0.845
AVBA,45D-3,stem,0.347
AVBA,45D-4,stem,0.183
AVBA,45D-1,stem,0.187
AVBA,45D-5,stem,0.495
AVBA,45D-2,stem,0.287
AVBA,45D-4,root,0.749
AVBA,45D-2,root,0.905
AVBA,45D-3,root,1.015
AVBA,45D-1,root,0.831
AVBA,45D-5,root,0.992
AVBA,45D-5,repro,0.046
AVBA,5M-4,root,13.883
AVBA,2M-5,root,8.738
AVBA,5M-2,root,7.93
AVBA,5M-3,root,7.839
AVBA,3M-1,root,5.399
AVBA,3M-1,stem,3.908
AVBA,5M-4,stem,21.914
AVBA,5M-3,stem,6.524
AVBA,5M-2,stem,5.975
AVBA,2M-5,stem,10.374
AVBA,5M-3,leaf,7.001
AVBA,2M-5,leaf,8.513
AVBA,5M-4,leaf,13.871
AVBA,5M-2,leaf,4.626
AVBA,3M-1,leaf,6.308
AVBA,3M-1,repro,0.708
AVBA,5M-4,repro,8
AVBA,5M-3,repro,1.267
AVBA,5M-2,repro,1.614
AVBA,2M-5,repro,3.128
AVBA,4M-3,leaf,7.972
AVBA,4M-1,leaf,15.493
AVBA,3M-2,leaf,4.944
AVBA,5M-5,leaf,9.993
AVBA,3M-4,leaf,7.717
AVBA,4M-3,root,7.201
AVBA,5M-5,root,10.756
AVBA,4M-1,root,15.14
AVBA,3M-4,root,6.764
AVBA,3M-2,root,4.323
AVBA,4M-1,stem,26.668
AVBA,5M-5,stem,17.871
AVBA,4M-3,stem,9.877
AVBA,3M-2,stem,7.982
AVBA,3M-4,stem,10.392
AVBA,5M-5,repro,6.358
AVBA,3M-2,repro,3.697
AVBA,4M-1,repro,7.283
AVBA,3M-4,repro,3.67
AVBA,4M-3,repro,4.447
AVBA,3M-3,leaf,9.585
AVBA,4M-5,leaf,6.47
AVBA,2M-4,leaf,10.127
AVBA,4M-2,leaf,11.773
AVBA,5M-1,leaf,12.502
AVBA,4M-5,root,5.991
AVBA,3M-3,root,9.291
AVBA,2M-4,root,11.019
AVBA,5M-1,root,12.373
AVBA,4M-5,stem,8.064
AVBA,4M-2,stem,21.601
AVBA,3M-3,stem,13.204
AVBA,5M-1,stem,23.182
AVBA,2M-4,stem,20.654
AVBA,5M-1,repro,5.097
AVBA,4M-2,repro,7.054
AVBA,3M-3,repro,4.969
AVBA,4M-5,repro,2.923
AVBA,2M-4,repro,6.941
BRDI2,30D-3,stem,0.053
BRDI2,30D-5,stem,0.037
BRDI2,30D-2,stem,0.059
BRDI2,30D-4,stem,0.03
BRDI2,30D-1,stem,0.054
BRDI2,30D-5,root,0.073
BRDI2,30D-3,root,0.188
BRDI2,30D-4,root,0.048
BRDI2,30D-2,root,0.212
BRDI2,30D-1,root,0.214
BRDI2,30D-4,leaf,0.052
BRDI2,30D-2,leaf,0.146
BRDI2,30D-5,leaf,0.058
BRDI2,30D-3,leaf,0.144
BRDI2,30D-1,leaf,0.176
BRDI2,4M-5,root,1.676
BRDI2,5M-2,root,0.938
BRDI2,2M-3,extra_stem,0.101
BRDI2,2M-3,root,0.657
BRDI2,4M-4,root,0.427
BRDI2,5M-1,root,0.287
BRDI2,4M-5,leaf,2.138
BRDI2,5M-1,leaf,0.407
BRDI2,4M-4,leaf,0.669
BRDI2,2M-3,leaf,1.187
BRDI2,5M-2,leaf,1.577
BRDI2,5M-1,stem,0.22
BRDI2,2M-3,stem,1.175
BRDI2,4M-5,stem,1.392
BRDI2,4M-4,stem,0.344
BRDI2,5M-2,stem,1.042
BRDI2,2M-3,repro,0.321
BRDI2,4M-5,repro,0.017
BRDI2,45D-5,leaf,0.409
BRDI2,3M-3,leaf,6.273
BRDI2,45D-1,leaf,0.41
BRDI2,2M-1,leaf,1.921
BRDI2,3M-5,leaf,2.688
BRDI2,4M-2,leaf,2.474
BRDI2,5M-4,leaf,4.532
BRDI2,45D-4,leaf,0.502
BRDI2,45D-2,leaf,0.662
BRDI2,45D-3,leaf,0.621
BRDI2,45D-5,stem,0.374
BRDI2,3M-5,stem,1.661
BRDI2,2M-1,stem,1.641
BRDI2,45D-4,stem,0.575
BRDI2,45D-3,stem,0.417
BRDI2,4M-2,stem,2.243
BRDI2,3M-3,stem,9.303
BRDI2,5M-4,stem,2.72
BRDI2,45D-1,stem,0.452
BRDI2,45D-2,stem,0.424
BRDI2,45D-1,root,0.535
BRDI2,2M-1,root,1.399
BRDI2,5M-4,root,1.12
BRDI2,45D-4,root,0.7
BRDI2,4M-2,root,2.511
BRDI2,3M-3,root,5.655
BRDI2,45D-2,root,0.954
BRDI2,3M-5,root,1.77
BRDI2,45D-3,root,0.758
BRDI2,45D-5,root,0.359
BRDI2,3M-3,repro,4.156
BRDI2,45D-4,repro,0.583
BRDI2,4M-2,repro,0.804
BRDI2,3M-5,repro,0.076
BRDI2,45D-2,repro,0.413
BRDI2,45D-1,repro,0.396
BRDI2,45D-5,repro,0.291
BRDI2,45D-3,repro,0.37
BRDI2,3M-1,root,5.976
BRDI2,3M-4,root,3.717
BRDI2,3M-2,root,9.882
BRDI2,4M-3,root,1.969
BRDI2,2M-5,root,1.358
BRDI2,3M-1,stem,15.624
BRDI2,3M-4,stem,10.132
BRDI2,3M-2,stem,10.407
BRDI2,2M-5,stem,2.468
BRDI2,4M-3,stem,3.019
BRDI2,4M-3,leaf,2.797
BRDI2,2M-5,leaf,1.287
BRDI2,3M-4,leaf,2.988
BRDI2,3M-1,leaf,6.14
BRDI2,3M-2,leaf,6.039
BRDI2,3M-4,repro,10.238
BRDI2,4M-3,repro,1.537
BRDI2,3M-2,repro,16.564
BRDI2,3M-1,repro,7.474
BRDI2,2M-5,repro,3.811
BRDI2,5M-5,leaf,0.55
BRDI2,2M-2,leaf,2.437
BRDI2,2M-4,leaf,5.426
BRDI2,4M-1,leaf,5.597
BRDI2,5M-3,leaf,3.751
BRDI2,4M-1,root,8.348
BRDI2,2M-2,root,2.508
BRDI2,5M-3,root,5.734
BRDI2,2M-4,root,5.472
BRDI2,5M-5,root,0.534
BRDI2,4M-1,stem,16.409
BRDI2,2M-2,stem,5.505
BRDI2,2M-4,stem,10.098
BRDI2,5M-3,stem,12.51
BRDI2,5M-5,stem,1.943
BRDI2,2M-2,repro,7.576
BRDI2,4M-1,repro,9.904
BRDI2,5M-5,repro,6.411
BRDI2,5M-3,repro,23.693
BRDI2,2M-4,repro,8.42
BRHO2,30D-2,stem,0.035
BRHO2,30D-4,stem,0.021
BRHO2,30D-1,stem,0.016
BRHO2,30D-3,stem,0.012
BRHO2,30D-5,stem,0.009
BRHO2,30D-4,root,0.138
BRHO2,30D-1,root,0.094
BRHO2,30D-2,root,0.126
BRHO2,30D-3,root,0.1
BRHO2,30D-5,root,0.022
BRHO2,30D-2,leaf,0.102
BRHO2,30D-3,leaf,0.093
BRHO2,30D-4,leaf,0.108
BRHO2,30D-5,leaf,0.033
BRHO2,4M-5,root,0.319
BRHO2,2M-3,root,0.607
BRHO2,5M-1,root,0.63
BRHO2,4M-4,root,0.11
BRHO2,5M-2,extra_stem,0.061
BRHO2,5M-2,root,0.315
BRHO2,2M-3,leaf,0.725
BRHO2,5M-1,leaf,0.916
BRHO2,4M-5,leaf,0.304
BRHO2,4M-4,leaf,0.222
BRHO2,5M-2,leaf,0.516
BRHO2,2M-3,stem,0.229
BRHO2,5M-1,stem,0.257
BRHO2,5M-2,stem,0.156
BRHO2,4M-4,stem,0.046
BRHO2,4M-5,stem,0.065
BRHO2,45D-1,leaf,0.467
BRHO2,45D-3,leaf,0.301
BRHO2,45D-5,leaf,0.482
BRHO2,45D-4,leaf,0.459
BRHO2,45D-2,leaf,0.609
BRHO2,45D-1,stem,0.161
BRHO2,45D-4,stem,0.137
BRHO2,45D-2,stem,0.233
BRHO2,45D-3,stem,0.105
BRHO2,45D-5,stem,0.184
BRHO2,45D-4,root,0.681
BRHO2,45D-1,root,1.033
BRHO2,45D-5,root,2.089
BRHO2,45D-3,root,0.522
BRHO2,45D-2,root,1.179
BRHO2,4M-1,leaf,7.427
BRHO2,5M-3,leaf,3.698
BRHO2,3M-2,leaf,3.898
BRHO2,3M-3,leaf,6.555
BRHO2,4M-2,leaf,4.091
BRHO2,2M-5,leaf,6.294
BRHO2,2M-4,leaf,1.703
BRHO2,2M-1,leaf,0.838
BRHO2,2M-1,root,0.591
BRHO2,3M-3,root,7.026
BRHO2,4M-1,root,6.944
BRHO2,4M-2,root,6.582
BRHO2,5M-5,root,2.446
BRHO2,5M-3,root,3.574
BRHO2,3M-2,root,3.55
BRHO2,2M-4,root,1.015
BRHO2,2M-5,root,6.49
BRHO2,4M-1,stem,4.223
BRHO2,5M-3,stem,3.032
BRHO2,2M-5,stem,1.689
BRHO2,2M-4,stem,0.214
BRHO2,2M-1,stem,0.391
BRHO2,3M-2,stem,1.676
BRHO2,4M-2,stem,4.521
BRHO2,3M-3,stem,1.897
BRHO2,4M-1,repro,0.973
BRHO2,4M-2,repro,1.863
BRHO2,5M-3,repro,0.071
BRHO2,3M-2,repro,0.468
BRHO2,3M-1,leaf,4.795
BRHO2,4M-3,leaf,7.466
BRHO2,3M-4,leaf,5.449
BRHO2,2M-2,leaf,6.739
BRHO2,3M-5,leaf,7.83
BRHO2,5M-5,leaf,3.688
BRHO2,3M-5,root,7.022
BRHO2,2M-2,root,8.342
BRHO2,4M-3,root,7.322
BRHO2,3M-1,root,2.809
BRHO2,3M-4,root,4.031
BRHO2,3M-4,stem,0.811
BRHO2,3M-5,stem,5.76
BRHO2,5M-5,stem,1.039
BRHO2,3M-1,stem,0.495
BRHO2,2M-2,stem,6.099
BRHO2,4M-3,stem,3.292
BRHO2,2M-2,repro,4.828
BRHO2,3M-4,repro,0.088
BRHO2,3M-5,repro,3.121
BRHO2,4M-3,repro,1.099
ELGL,30D-2,stem,0.013
ELGL,30D-5,stem,0.028
ELGL,30D-3,stem,0.03
ELGL,30D-4,stem,0.018
ELGL,30D-1,stem,0.017
ELGL,30D-3,root,0.088
ELGL,30D-5,root,0.053
ELGL,30D-2,root,0.073
ELGL,30D-1,root,0.083
ELGL,30D-4,root,0.088
ELGL,30D-2,leaf,0.055
ELGL,30D-5,leaf,0.022
ELGL,30D-3,leaf,0.064
ELGL,30D-1,leaf,0.071
ELGL,30D-4,leaf,0.066
ELGL,45D-5,leaf,0.267
ELGL,45D-3,leaf,0.343
ELGL,45D-1,leaf,0.201
ELGL,45D-2,leaf,0.225
ELGL,45D-4,leaf,0.156
ELGL,45D-5,stem,0.084
ELGL,45D-4,stem,0.187
ELGL,45D-1,stem,0.088
ELGL,45D-3,stem,0.109
ELGL,45D-2,stem,0.191
ELGL,45D-2,root,0.492
ELGL,45D-5,root,0.389
ELGL,45D-3,root,0.85
ELGL,45D-1,root,0.442
ELGL,45D-4,root,0.344
MURI2,45D-1,stem,0.029
MURI2,45D-4,stem,0.053
MURI2,30D-1,stem,0.021
MURI2,30D-2,stem,0.014
MURI2,30D-5,stem,0.026
MURI2,45D-5,stem,0.025
MURI2,30D-3,stem,0.012
MURI2,45D-2,stem,0.05
MURI2,45D-3,stem,0.036
MURI2,30D-4,stem,0.021
MURI2,45D-2,root,0.077
MURI2,30D-5,root,0.033
MURI2,45D-4,root,0.08
MURI2,30D-3,root,0.017
MURI2,30D-4,root,0.03
MURI2,45D-1,root,0.041
MURI2,45D-3,root,0.07
MURI2,30D-1,root,0.024
MURI2,45D-5,root,0.056
MURI2,30D-2,root,0.02
MURI2,45D-5,leaf,0.029
MURI2,30D-5,leaf,0.025
MURI2,30D-3,leaf,0.014
MURI2,45D-3,leaf,0.048
MURI2,45D-4,leaf,0.058
MURI2,30D-4,leaf,0.023
MURI2,45D-2,leaf,0.055
MURI2,30D-2,leaf,0.017
MURI2,45D-1,leaf,0.026
MURI2,30D-1,leaf,0.024
MURI2,2M-4,root,0.059
MURI2,4M-2,root,0.046
MURI2,2M-5,root,0.285
MURI2,2M-1,root,0.095
MURI2,2M-3,root,0.119
MURI2,2M-1,leaf,0.164
MURI2,4M-2,leaf,0.077
MURI2,2M-5,leaf,0.342
MURI2,2M-4,leaf,0.076
MURI2,2M-3,leaf,0.138
MURI2,4M-2,stem,0.059
MURI2,2M-4,stem,0.065
MURI2,2M-3,stem,0.108
MURI2,2M-5,stem,0.264
MURI2,2M-1,stem,0.121
MURI2,3M-3,leaf,7.661
MURI2,4M-5,leaf,8.56
MURI2,2M-2,leaf,7.282
MURI2,5M-4,leaf,7.147
MURI2,3M-1,leaf,4.085
MURI2,2M-2,root,10.589
MURI2,4M-5,root,14.87
MURI2,3M-1,root,4.097
MURI2,5M-4,root,9.191
MURI2,3M-3,root,9.725
MURI2,2M-2,stem,4.93
MURI2,3M-1,stem,2.942
MURI2,3M-3,stem,5.74
MURI2,4M-5,stem,5.947
MURI2,5M-4,stem,5.32
NAPU4,30D-5,stem,0.027
NAPU4,30D-3,stem,0.019
NAPU4,30D-4,stem,0.022
NAPU4,30D-2,stem,0.032
NAPU4,30D-1,stem,0.024
NAPU4,30D-4,root,0.082
NAPU4,30D-3,root,0.057
NAPU4,30D-2,root,0.091
NAPU4,30D-5,extra_stem,0.012
NAPU4,30D-5,root,0.055
NAPU4,30D-1,root,0.09
NAPU4,30D-1,leaf,0.063
NAPU4,30D-5,leaf,0.066
NAPU4,30D-4,leaf,0.092
NAPU4,30D-2,leaf,0.086
NAPU4,30D-3,leaf,0.059
NAPU4,5M-2,root,0.215
NAPU4,5M-5,root,0.132
NAPU4,4M-4,root,0.069
NAPU4,4M-1,root,0.128
NAPU4,3M-3,root,0.135
NAPU4,4M-4,leaf,0.195
NAPU4,3M-3,leaf,0.312
NAPU4,4M-1,leaf,0.194
NAPU4,5M-5,leaf,0.215
NAPU4,5M-2,leaf,0.265
NAPU4,4M-4,stem,0.159
NAPU4,5M-2,stem,0.112
NAPU4,3M-3,stem,0.131
NAPU4,4M-1,stem,0.072
NAPU4,5M-5,stem,0.077
NAPU4,45D-4,leaf,0.39
NAPU4,45D-1,leaf,0.315
NAPU4,45D-5,leaf,0.172
NAPU4,45D-3,leaf,0.468
NAPU4,45D-2,leaf,0.158
NAPU4,45D-3,stem,0.147
NAPU4,45D-2,stem,0.068
NAPU4,45D-1,stem,0.118
NAPU4,45D-5,stem,0.075
NAPU4,45D-4,stem,0.144
NAPU4,45D-5,root,0.388
NAPU4,45D-4,root,0.75
NAPU4,45D-3,root,0.867
NAPU4,45D-1,root,0.545
NAPU4,45D-2,root,0.158
POSE,30D-1,stem,0.009
POSE,30D-5,stem,0.002
POSE,30D-4,stem,0.004
POSE,30D-2,stem,0.001
POSE,30D-3,stem,0.004
POSE,30D-1,root,0.013
POSE,30D-3,root,0.013
POSE,30D-5,root,0.004
POSE,30D-4,root,0.012
POSE,30D-2,root,0.008
POSE,30D-1,leaf,0.013
POSE,30D-2,leaf,0.009
POSE,30D-5,leaf,0.006
POSE,30D-3,leaf,0.015
POSE,30D-4,leaf,0.017
POSE,45D-5,leaf,0.013
POSE,45D-3,leaf,0.041
POSE,45D-4,leaf,0.062
POSE,45D-2,leaf,0.086
POSE,45D-1,leaf,0.034
POSE,45D-1,stem,0.02
POSE,45D-5,stem,0.009
POSE,45D-4,stem,0.02
POSE,45D-3,stem,0.028
POSE,45D-2,stem,0.043
POSE,45D-1,root,0.072
POSE,45D-5,root,0.018
POSE,45D-4,root,0.154
POSE,45D-3,root,0.045
POSE,45D-2,root,0.174
SEPU8,45D-2,stem,0.207
SEPU8,30D-2,stem,0.082
SEPU8,45D-1,stem,0.268
SEPU8,30D-4,stem,0.051
SEPU8,45D-4,stem,0.195
SEPU8,30D-1,stem,0.044
SEPU8,30D-3,stem,0.118
SEPU8,30D-5,stem,0.1
SEPU8,45D-3,stem,0.291
SEPU8,45D-5,stem,0.207
SEPU8,30D-5,root,0.407
SEPU8,30D-4,root,0.183
SEPU8,30D-2,root,0.399
SEPU8,30D-1,root,0.179
SEPU8,45D-3,root,0.586
SEPU8,45D-1,root,0.68
SEPU8,45D-2,root,0.5
SEPU8,45D-4,root,0.489
SEPU8,45D-5,root,0.576
SEPU8,30D-3,root,0.388
SEPU8,45D-5,leaf,0.368
SEPU8,30D-1,leaf,0.1
SEPU8,30D-2,leaf,0.212
SEPU8,30D-4,leaf,0.078
SEPU8,45D-2,leaf,0.333
SEPU8,30D-3,leaf,0.274
SEPU8,45D-4,leaf,0.293
SEPU8,45D-1,leaf,0.469
SEPU8,30D-5,leaf,0.218
SEPU8,45D-3,leaf,0.443
SEPU8,5M-4,root,1.193
SEPU8,2M-2,root,1.347
SEPU8,2M-5,root,1.537
SEPU8,2M-3,root,0.174
SEPU8,2M-1,root,0.453
SEPU8,2M-1,leaf,0.931
SEPU8,2M-2,leaf,1.632
SEPU8,2M-3,leaf,0.266
SEPU8,2M-5,leaf,2.121
SEPU8,5M-4,leaf,1.196
SEPU8,2M-1,stem,0.346
SEPU8,2M-5,stem,1.33
SEPU8,2M-2,stem,1.034
SEPU8,2M-3,stem,0.089
SEPU8,5M-4,stem,0.788
SEPU8,5M-1,root,12.501
SEPU8,5M-2,root,13.286
SEPU8,4M-3,root,6.176
SEPU8,4M-4,root,10.004
SEPU8,4M-5,root,34.286
SEPU8,5M-2,stem,8.892
SEPU8,4M-4,stem,9.1
SEPU8,4M-3,stem,4.061
SEPU8,4M-5,stem,30.178
SEPU8,5M-1,stem,12.651
SEPU8,5M-1,leaf,7.986
SEPU8,4M-5,leaf,17.461
SEPU8,4M-3,leaf,3.251
SEPU8,5M-2,leaf,6.617
SEPU8,4M-4,leaf,6.299
SEPU8,5M-1,repro,1.641
SEPU8,4M-5,repro,5.013
SEPU8,5M-5,leaf,16.283
SEPU8,4M-1,leaf,15.283
SEPU8,3M-4,leaf,13.803
SEPU8,3M-3,leaf,12.031
SEPU8,4M-2,leaf,40.959
SEPU8,3M-4,root,17.294
SEPU8,4M-1,root,30.091
SEPU8,3M-3,root,17.576
SEPU8,4M-2,root,51.016
SEPU8,5M-5,root,20.741
SEPU8,4M-2,stem,139.742
SEPU8,3M-3,stem,24.107
SEPU8,5M-5,stem,38.731
SEPU8,3M-4,stem,25.666
SEPU8,4M-1,stem,40.41
SEPU8,4M-2,repro,40.114
SEPU8,3M-3,repro,4.344
SEPU8,4M-1,repro,9.834
SEPU8,3M-2,root,20.146
SEPU8,3M-5,root,29.942
SEPU8,2M-4,root,28.367
SEPU8,3M-1,root,33.581
SEPU8,3M-1,stem,45.18
SEPU8,2M-4,stem,35.118
SEPU8,3M-5,stem,54.128
SEPU8,3M-2,stem,28.819
SEPU8,2M-4,repro,5.142
SEPU8,3M-1,repro,8.73
SEPU8,3M-2,repro,20.75
SEPU8,3M-2,leaf,13.796
SEPU8,3M-1,leaf,22.114
SEPU8,3M-5,leaf,26.693
SEPU8,2M-4,leaf,14.894
SPAI,30D-5,stem,0.023
SPAI,45D-5,stem,0.042
SPAI,45D-4,stem,0.045
SPAI,30D-2,stem,0.022
SPAI,30D-3,stem,0.016
SPAI,45D-3,stem,0.034
SPAI,45D-2,stem,0.07
SPAI,30D-4,stem,0.013
SPAI,45D-1,stem,0.049
SPAI,30D-1,stem,0.012
SPAI,45D-1,root,0.091
SPAI,45D-4,root,0.092
SPAI,30D-2,root,0.033
SPAI,30D-1,root,0.026
SPAI,45D-5,root,0.088
SPAI,45D-3,root,0.086
SPAI,30D-4,root,0.041
SPAI,45D-2,root,0.1
SPAI,30D-3,root,0.03
SPAI,45D-5,leaf,0.044
SPAI,30D-2,leaf,0.023
SPAI,30D-5,leaf,0.044
SPAI,30D-4,leaf,0.05
SPAI,45D-3,leaf,0.053
SPAI,45D-2,leaf,0.089
SPAI,45D-4,leaf,0.059
SPAI,30D-1,leaf,0.02
SPAI,45D-1,leaf,0.064
SPAI,30D-3,leaf,0.031
SPAI,5M-5,leaf,0.264
SPAI,5M-2,leaf,0.122
SPAI,2M-4,leaf,0.132
SPAI,3M-3,leaf,0.189
SPAI,5M-1,leaf,0.204
SPAI,2M-4,stem,0.067
SPAI,3M-3,stem,0.135
SPAI,5M-2,stem,0.085
SPAI,5M-5,stem,0.175
SPAI,5M-1,stem,0.165
SPAI,5M-2,root,0.187
SPAI,2M-4,root,0.153
SPAI,3M-3,root,0.258
SPAI,5M-1,root,0.169
SPAI,5M-5,root,0.566
VUMY,30D-4,stem,0.038
VUMY,45D-3,stem,0.07
VUMY,45D-4,stem,0.199
VUMY,30D-3,stem,0.03
VUMY,30D-5,stem,0.036
VUMY,30D-2,stem,0.015
VUMY,30D-1,stem,0.028
VUMY,45D-1,root,0.464
VUMY,30D-5,root,0.141
VUMY,30D-3,root,0.167
VUMY,30D-1,root,0.13
VUMY,45D-5,root,0.646
VUMY,30D-4,root,0.152
VUMY,45D-2,root,0.367
VUMY,30D-2,root,0.083
VUMY,30D-1,leaf,0.106
VUMY,30D-2,leaf,0.07
VUMY,30D-5,leaf,0.098
VUMY,30D-4,leaf,0.116
VUMY,30D-3,leaf,0.102
VUMY,45D-2,leaf,0.221
VUMY,45D-4,root,0.262
VUMY,45D-3,root,0.582
VUMY,45D-3,leaf,0.391
VUMY,45D-4,leaf,0.136
VUMY,45D-5,leaf,0.235
VUMY,45D-1,leaf,0.458
VUMY,45D-2,stem,0.422
VUMY,45D-5,stem,0.374
VUMY,45D-1,stem,0.172
VUMY,45D-2,repro,0.183
VUMY,45D-4,repro,0.011
VUMY,5M-2,root,5.089
VUMY,2M-1,root,3.921
VUMY,3M-3,root,3.215
VUMY,2M-5,root,0.382
VUMY,4M-4,root,0.398
VUMY,2M-5,stem,1.922
VUMY,2M-1,stem,2.727
VUMY,4M-4,stem,1.867
VUMY,5M-2,stem,8.254
VUMY,3M-3,stem,5.47
VUMY,5M-2,leaf,3.775
VUMY,3M-3,leaf,5.273
VUMY,2M-1,leaf,5.216
VUMY,2M-5,leaf,0.395
VUMY,4M-4,leaf,0.344
VUMY,3M-3,repro,0.766
VUMY,4M-4,repro,1.817
VUMY,5M-2,repro,5.549
VUMY,2M-5,repro,2.136
VUMY,2M-2,leaf,6.021
VUMY,2M-3,leaf,7.214
VUMY,5M-5,leaf,2.618
VUMY,5M-3,leaf,9.919
VUMY,3M-2,leaf,9.436
VUMY,4M-5,leaf,5.562
VUMY,4M-1,leaf,6.834
VUMY,5M-1,leaf,0.557
VUMY,3M-4,leaf,6.99
VUMY,2M-4,leaf,3.32
VUMY,3M-2,root,7.076
VUMY,5M-1,root,0.458
VUMY,2M-3,root,6.34
VUMY,5M-5,root,3.995
VUMY,4M-5,root,1.844
VUMY,2M-4,root,1.583
VUMY,2M-2,root,4.48
VUMY,3M-4,root,2.918
VUMY,4M-1,root,6.232
VUMY,5M-3,root,9.907
VUMY,4M-1,stem,7.306
VUMY,4M-5,stem,1.002
VUMY,2M-4,stem,2.359
VUMY,3M-2,stem,11.502
VUMY,5M-1,stem,2.423
VUMY,2M-3,stem,8.209
VUMY,3M-4,stem,2.931
VUMY,5M-3,stem,4.786
VUMY,5M-5,stem,8.44
VUMY,2M-2,stem,2.396
VUMY,2M-3,repro,2.182
VUMY,3M-2,repro,2.421
VUMY,4M-1,repro,0.671
VUMY,5M-5,repro,9.08
VUMY,2M-4,repro,0.406
VUMY,3M-4,repro,0.071
VUMY,5M-1,repro,1.601
VUMY,5M-4,leaf,3.629
VUMY,3M-1,leaf,10.249
VUMY,4M-2,leaf,18.14
VUMY,4M-3,leaf,8.019
VUMY,3M-5,leaf,10.458
VUMY,4M-3,root,6.552
VUMY,5M-4,root,2.222
VUMY,3M-5,root,9.985
VUMY,3M-1,root,11.486
VUMY,4M-2,root,16.6
VUMY,4M-2,stem,15.66
VUMY,4M-3,stem,14.717
VUMY,3M-1,stem,6.388
VUMY,5M-4,stem,5.899
VUMY,3M-5,stem,8.504
VUMY,4M-3,repro,7.105
VUMY,5M-4,repro,2.369
VUMY,4M-2,repro,2.674
VUMY,3M-1,repro,0.11
NAPU4,3M-5,root,6.331
ARPU9,3M-1,root,2.806
ARPU9,4M-2,root,3.758
ARPU9,3M-5,root,4.119
ARPU9,4M-3,root,8.592
SPAI,2M-3,root,14.274
ELGL,5M-2,root,3.316
ELGL,2M-1,root,2.182
SPAI,3M-1,root,19.514
NAPU4,3M-4,root,9.451
ELGL,4M-3,root,3.376
ELGL,4M-4,root,1.916
ELGL,3M-5,root,1.592
SPAI,5M-4,root,11.642
NAPU4,2M-2,root,6.959
NAPU4,4M-3,root,10.307
ARPU9,3M-4,root,9.454
SPAI,3M-5,root,16.304
SPAI,4M-2,root,11.495
NAPU4,3M-1,root,4.229
ARPU9,3M-4,stem,2.195
ARPU9,4M-2,stem,0.69
SPAI,2M-3,stem,7.528
SPAI,3M-5,stem,7.082
ELGL,4M-4,stem,3.182
ARPU9,4M-3,stem,6.189
NAPU4,3M-1,stem,2.143
ELGL,4M-3,stem,2.567
NAPU4,3M-5,stem,1.795
ELGL,5M-2,stem,4.001
ELGL,3M-5,stem,2.642
SPAI,3M-1,stem,8.345
NAPU4,2M-2,stem,1.472
NAPU4,4M-3,stem,2.169
ARPU9,3M-1,stem,1.386
ARPU9,3M-5,stem,1.168
NAPU4,3M-4,stem,4.883
ELGL,2M-1,stem,1.838
SPAI,4M-2,stem,4.56
SPAI,5M-4,stem,6.52
SPAI,4M-2,repro,0.033
SPAI,5M-4,repro,0.245
ARPU9,3M-4,repro,0.059
ELGL,4M-4,repro,0.808
SPAI,3M-1,repro,0.433
ARPU9,4M-3,repro,3.072
ARPU9,3M-5,repro,0.343
ELGL,4M-3,repro,0.919
ELGL,5M-2,repro,1.263
ELGL,3M-5,repro,0.678
SPAI,2M-3,repro,0.418
SPAI,3M-5,repro,0.787
ELGL,2M-1,repro,0.339
NAPU4,3M-5,leaf,8.183
NAPU4,4M-3,leaf,9.075
ARPU9,3M-4,leaf,5.881
SPAI,2M-3,leaf,7.997
ARPU9,4M-2,leaf,2.178
NAPU4,3M-4,leaf,16.335
SPAI,3M-5,leaf,6.121
SPAI,3M-1,leaf,11.484
ELGL,4M-4,leaf,1.127
SPAI,4M-2,leaf,7.151
SPAI,5M-4,leaf,8.055
NAPU4,3M-1,leaf,7.505
ELGL,5M-2,leaf,1.109
ELGL,3M-5,leaf,0.54
ELGL,2M-1,leaf,1.006
ARPU9,3M-1,leaf,2.804
ARPU9,3M-5,leaf,3.05
NAPU4,2M-2,leaf,5.613
ARPU9,4M-3,leaf,4.838
ELGL,4M-3,leaf,0.888
ARPU9,4M-5,stem,5.249
ARPU9,5M-4,stem,5.526
SPAI,4M-4,stem,9.507
MURI2,5M-1,stem,18.713
MURI2,3M-4,stem,25.645
SPAI,4M-3,stem,20.823
SPAI,4M-5,stem,28.28
ELGL,5M-5,stem,6.589
MURI2,4M-3,stem,24.999
MURI2,3M-2,stem,30.868
SPAI,2M-2,stem,13.476
ARPU9,5M-3,stem,4.924
ELGL,3M-2,stem,9.915
ELGL,4M-1,stem,10.264
ELGL,2M-3,stem,4.116
ELGL,2M-4,stem,3.791
MURI2,3M-5,stem,26.574
ARPU9,3M-2,stem,4.104
SPAI,4M-1,stem,11.274
ARPU9,4M-1,stem,0.768
SPAI,4M-3,leaf,19.273
ELGL,3M-2,leaf,2.555
MURI2,3M-5,leaf,36.664
ARPU9,5M-4,leaf,13.659
MURI2,4M-3,leaf,40.963
MURI2,3M-4,leaf,39.235
MURI2,5M-1,leaf,30.775
MURI2,3M-2,leaf,61.606
ARPU9,3M-2,leaf,10.303
ELGL,2M-3,leaf,2.186
ELGL,2M-4,leaf,1.277
ELGL,5M-5,leaf,2.762
SPAI,4M-4,leaf,23.41
SPAI,2M-2,leaf,8.89
SPAI,4M-5,leaf,26.894
ARPU9,4M-5,leaf,10.794
ELGL,4M-1,leaf,2.567
ARPU9,4M-1,leaf,2.377
SPAI,4M-1,leaf,11.869
ARPU9,5M-3,leaf,10.262
ARPU9,4M-5,repro,0.54
ARPU9,3M-2,repro,0.234
ARPU9,5M-3,repro,0.811
ARPU9,5M-4,repro,0.592
SPAI,4M-5,repro,3.685
SPAI,4M-4,repro,0.103
SPAI,2M-2,repro,1.17
SPAI,4M-3,repro,0.927
SPAI,4M-1,repro,0.986
ELGL,5M-5,repro,1.102
ELGL,4M-1,repro,1.935
ELGL,2M-4,repro,0.725
ELGL,2M-3,repro,0.393
ELGL,3M-2,repro,2.107
ELGL,5M-5,root,5.054
ELGL,2M-3,root,3.908
ARPU9,4M-1,root,3.109
SPAI,4M-5,root,25.037
SPAI,4M-5,extra_stem,20.152
SPAI,4M-3,root,37.029
MURI2,5M-1,root,32.574
ELGL,4M-1,root,5.685
MURI2,3M-5,root,34.673
ARPU9,5M-3,root,16.637
ELGL,3M-2,root,6.269
ELGL,2M-4,root,2.918
ARPU9,3M-2,root,14.378
ARPU9,4M-5,root,16.76
SPAI,4M-4,root,17.881
ARPU9,5M-4,root,18.364
SPAI,2M-2,root,15.831
SPAI,4M-1,root,15.365
SPAI,4M-3,extra_stem,12.456
MURI2,5M-1,extra_stem,8.76
MURI2,3M-5,extra_stem,14.678
SPAI,4M-4,extra_stem,9.612
SPAI,2M-2,extra_stem,5.713
SPAI,4M-1,extra_stem,5.181
SPAI,2M-5,extra_stem,10.213
MURI2,3M-2,extra_stem,18.397
SPAI,5M-3,extra_stem,24.183
SPAI,2M-1,extra_stem,13.541
SPAI,3M-2,extra_stem,10.012
MURI2,3M-4,extra_stem,16.618
MURI2,4M-3,extra_stem,12.388
SPAI,3M-4,extra_stem,15.411
SPAI,2M-5,root,49.453
MURI2,3M-2,root,50.122
ARPU9,3M-3,root,17.165
SPAI,5M-3,root,43.514
SPAI,2M-1,root,32.51
ARPU9,2M-5,root,19.687
SPAI,3M-2,root,27.833
MURI2,3M-4,root,35.908
MURI2,4M-3,root,35.417
ELGL,3M-4,root,8.999
ARPU9,4M-4,root,29.661
ELGL,3M-1,root,7.067
SPAI,3M-4,root,24.1
ARPU9,2M-2,root,12.46
ELGL,4M-5,root,7.724
ELGL,2M-2,root,5.52
ARPU9,5M-1,root,20.225
ELGL,3M-3,root,4.159
SPAI,2M-5,stem,16.242
ARPU9,2M-2,stem,3.702
SPAI,3M-2,stem,16.353
ARPU9,2M-5,stem,5.76
ARPU9,5M-1,stem,7.415
ARPU9,4M-4,stem,6.105
ELGL,3M-1,stem,9.57
ELGL,2M-2,stem,8.146
ELGL,3M-3,stem,10.943
ELGL,4M-5,stem,18.689
SPAI,5M-3,stem,22.637
ARPU9,3M-3,stem,5.383
ELGL,3M-4,stem,15.137
SPAI,3M-4,stem,15.755
SPAI,2M-1,stem,28.203
ARPU9,2M-5,leaf,12.532
ARPU9,3M-3,leaf,12.172
ARPU9,4M-4,leaf,17.448
ARPU9,2M-2,leaf,9.742
ARPU9,5M-1,leaf,14.936
SPAI,2M-1,leaf,26.213
ELGL,2M-2,leaf,3.271
SPAI,3M-2,leaf,14.882
ELGL,3M-3,leaf,2.021
SPAI,5M-3,leaf,25.804
SPAI,2M-5,leaf,27.343
ELGL,3M-1,leaf,3.748
ELGL,3M-4,leaf,4.343
ELGL,4M-5,leaf,5.113
SPAI,3M-4,leaf,22.716
ARPU9,5M-1,repro,1.392
ELGL,2M-2,repro,1.629
ELGL,4M-5,repro,2.583
ARPU9,2M-5,repro,0.026
SPAI,2M-1,repro,3.421
SPAI,2M-5,repro,0.588
ELGL,3M-4,repro,2.886
ELGL,3M-3,repro,2.589
ELGL,3M-1,repro,2.01
ARPU9,3M-3,repro,0.258
ARPU9,4M-4,repro,0.217
SPAI,3M-2,repro,1.152
SPAI,5M-3,repro,1.337
SPAI,3M-4,repro,0.883
ARPU9,2M-4,leaf,30.379
ARPU9,2M-1,leaf,20.463
NAPU4,4M-2,leaf,22.378
NAPU4,2M-4,leaf,25.483
ARPU9,2M-3,leaf,20.18
NAPU4,2M-1,leaf,30.011
NAPU4,4M-5,leaf,29.044
NAPU4,2M-3,leaf,25.897
ARPU9,5M-5,leaf,20.817
ARPU9,5M-2,leaf,16.117
ELGL,5M-3,leaf,13.033
ELGL,5M-1,leaf,7.985
ELGL,4M-2,leaf,17.746
ELGL,2M-5,leaf,7.179
ELGL,5M-4,leaf,7.856
FECA,3M-1,leaf,0.198
FECA,5M-3,leaf,0.736
FECA,3M-4,leaf,0.156
FECA,4M-2,leaf,0.483
ARPU9,5M-2,repro,0.08
ARPU9,2M-3,repro,1.449
ARPU9,2M-4,repro,1.069
ARPU9,5M-2,repro,2.096
ELGL,5M-1,repro,4.62
ELGL,5M-4,repro,6.216
ELGL,4M-2,repro,9.444
ELGL,2M-5,repro,4.931
ELGL,5M-3,repro,2.416
ARPU9,2M-4,stem,13.443
NAPU4,4M-2,stem,6.129
NAPU4,2M-3,stem,10.528
ARPU9,2M-1,stem,6.246
NAPU4,2M-4,stem,7.43
ARPU9,2M-3,stem,10.361
NAPU4,4M-5,stem,8.249
ARPU9,5M-2,stem,8.542
NAPU4,2M-1,stem,6.722
ARPU9,5M-5,stem,10.652
ELGL,5M-1,stem,28.247
ELGL,5M-4,stem,27.556
ELGL,5M-3,stem,28.842
ELGL,2M-5,stem,26.262
ELGL,4M-2,stem,61.366
FECA,5M-3,stem,0.056
FECA,3M-4,stem,0.005
FECA,3M-1,stem,0.004
FECA,4M-2,stem,0.032
ARPU9,2M-1,root,32.633
NAPU4,4M-5,root,10.081
ARPU9,5M-2,root,23.07
NAPU4,2M-1,root,15.246
ARPU9,5M-5,root,35.626
NAPU4,4M-2,root,8.819
ARPU9,2M-3,root,42.561
ARPU9,2M-4,root,30.196
NAPU4,2M-3,root,13.856
NAPU4,2M-4,root,10.906
ELGL,5M-1,root,15.907
FECA,4M-2,root,0.347
FECA,3M-4,root,0.118
FECA,5M-3,root,0.391
ELGL,5M-4,root,11.492
ELGL,4M-2,root,15.674
ELGL,2M-5,root,8.757
ELGL,5M-3,root,12.488
NAPU4,4M-5,extra_stem,6.206
NAPU4,2M-1,extra_stem,16.418
NAPU4,4M-2,extra_stem,8.422
ARPU9,2M-4,extra_stem,14.521
NAPU4,2M-3,extra_stem,15.288
NAPU4,2M-4,extra_stem,11.752
ELGL,5M-4,extra_stem,5.633
ELGL,4M-2,extra_stem,9.244
ELGL,2M-5,extra_stem,2.072
ELGL,5M-3,extra_stem,4.692